Currencies,Exchange Rates
Bitcoin,$4044.67
Ethereum,$290.26
Ripple,$475.61
Litecoin,$0.188823
Dash,$55.23
NEM,$330.77
IOTA,$0.245435
Monero,$0.600039
NEO,$99.96
BitConnect,$11.76
Lisk,$20.81
Stratis,$120.77
Waves,$6.66
Zcash,$5.37
Ark,$4.34
Steem,$191.16
Bytecoin,$3.70
BitShares,$1.25
Hshare,$0.001410
Komodo,$0.089085
PIVX,$0.013318
Nexus,$6.48
Decred,$2.11
Factom,$3.57
Siacoin,$3.66
BitcoinDark,$30.75
DigiByte,$19.70
GameCredits,$0.005228
Dogecoin,$251.63
Blocknet,$103.95
Syscoin,$0.014513
Lykke,$1.69
Verge,$0.000936
Nxt,$24.02
Ubiq,$0.184979
Particl,$0.342488
FirstCoin,$0.006388
Rise,$0.075438
NoLimitCoin,$1.72
Elastic,$1.05
CloakCoin,$8.26
Gulden,$6.97
GXShares,$3.30
FairCoin,$0.450146
OKCash,$0.232526
Peercoin,$0.517531
Bitdeal,$8.44
LEOcoin,$0.121033
